CustomerID,InvoiceNo,InvoiceDate,TotalPrice,LoyaltyScore,AvgBasketSize,Returns,SupportTickets,ReferralCount,AvgSessionTime,Age,Gender,Region,DeviceType,LastLoginDays,NewsletterSubscribed,PremiumMember,CampaignResponseRate,AvgDiscountUsed,AvgTimeBetweenPurchases,PreferredCategory
1000,221958,2025-06-16 16:05:47.391689,335.64,56,9.38,3,9,9,35.92,42,Male,West,Mobile,73,1,0,0.25,32.51,18.86,Clothing
1001,771155,2025-06-26 16:05:47.391689,227.22,40,7.21,4,1,12,47.37,33,Other,East,Mobile,114,1,1,0.92,4.52,28.1,Electronics
1002,231932,2025-01-21 16:05:47.391689,340.95,98,7.09,0,2,18,107.96,19,Female,North,Tablet,190,0,1,0.27,47.39,49.26,Electronics
1003,465838,2025-03-17 16:05:47.391689,137.37,40,2.94,0,5,10,81.64,35,Other,West,Mobile,169,0,0,0.9,12.93,55.87,Home
1004,359178,2025-10-20 16:05:47.391689,892.72,91,6.93,3,8,12,95.55,34,Male,South,Tablet,306,1,0,0.1,16.86,33.16,Clothing
1005,744167,2025-09-03 16:05:47.391689,601.72,77,4.54,3,8,7,57.25,47,Other,South,Desktop,203,1,0,0.66,20.11,40.03,Electronics
1006,210268,2025-03-24 16:05:47.391689,685.52,33,6.86,2,6,7,77.48,56,Female,South,Tablet,55,1,0,0.91,2.56,54.29,Home
1007,832180,2025-10-21 16:05:47.391689,793.39,6,1.96,3,2,3,33.56,30,Female,East,Desktop,207,0,0,0.17,24.83,6.81,Home
1008,154886,2025-10-14 16:05:47.391689,508.47,88,6.92,2,3,14,86.13,49,Male,South,Mobile,40,0,1,0.97,6.17,14.69,Home
1009,237337,2025-08-27 16:05:47.391689,105.18,19,9.99,0,5,10,54.17,67,Other,West,Mobile,31,0,1,0.45,20.05,42.83,Home
1010,621430,2025-12-08 16:05:47.391689,546.36,80,1.43,1,4,10,55.89,46,Other,West,Desktop,14,0,1,0.95,17.54,49.6,Home
1011,187498,2025-09-01 16:05:47.391689,595.1,40,9.79,4,1,0,79.67,63,Other,South,Mobile,61,0,1,0.68,38.64,51.56,Beauty
1012,999159,2025-05-31 16:05:47.391689,750.53,92,4.66,0,5,16,112.67,47,Female,West,Desktop,154,1,0,0.3,40.16,25.49,Clothing
1013,275203,2025-03-26 16:05:47.391689,443.03,97,8.84,3,2,14,12.36,35,Male,South,Mobile,283,0,0,0.19,7.67,6.27,Home
1014,291335,2024-12-28 16:05:47.391689,145.03,59,8.04,4,7,19,99.85,30,Other,South,Tablet,208,0,0,0.3,18.33,26.83,Beauty
1015,378167,2025-10-27 16:05:47.391689,298.1,59,6.1,1,1,5,38.62,60,Female,North,Mobile,319,1,1,0.09,18.67,14.61,Clothing
1016,141090,2024-12-23 16:05:47.391689,375.82,48,7.65,1,0,14,56.05,38,Female,East,Tablet,186,0,0,0.14,7.57,18.18,Electronics
1017,429365,2025-02-05 16:05:47.391689,653.0,41,8.91,2,8,8,7.52,47,Female,East,Tablet,129,0,0,0.1,39.92,46.56,Home
1018,164820,2025-02-08 16:05:47.391689,579.36,13,4.64,4,2,13,39.62,38,Other,North,Desktop,126,0,1,0.42,35.36,5.46,Beauty
1019,887201,2025-07-22 16:05:47.391689,368.97,45,3.94,2,0,17,62.8,65,Other,North,Mobile,291,1,1,0.8,9.52,49.83,Electronics
1020,421879,2025-03-19 16:05:47.391689,986.78,89,7.01,0,6,16,11.46,34,Other,East,Desktop,113,0,1,0.14,18.34,26.23,Beauty
1021,818315,2025-08-11 16:05:47.391689,613.66,53,8.27,4,9,17,61.48,57,Other,South,Mobile,198,1,0,0.13,5.29,36.17,Clothing
1022,427069,2025-08-29 16:05:47.391689,252.48,42,7.86,0,4,4,111.62,36,Other,South,Tablet,12,1,0,0.64,31.41,6.29,Clothing
1023,876997,2025-07-08 16:05:47.391689,119.75,100,8.18,2,4,19,17.12,69,Other,East,Tablet,270,0,1,0.2,6.07,20.9,Electronics
1024,299041,2025-07-19 16:05:47.391689,169.8,63,4.92,4,0,19,92.91,32,Other,South,Mobile,88,0,1,0.1,49.3,6.29,Beauty
1025,891743,2025-07-21 16:05:47.391689,261.04,27,8.36,2,8,8,52.11,26,Other,North,Mobile,214,0,0,0.17,39.03,57.73,Home
1026,203355,2025-08-15 16:05:47.391689,177.47,38,2.08,4,6,10,80.34,69,Other,South,Desktop,277,0,1,0.92,19.51,48.63,Home
1027,335796,2025-01-28 16:05:47.391689,202.84,60,5.9,2,7,0,34.93,27,Female,South,Mobile,202,1,0,0.82,28.93,28.12,Electronics
1028,314176,2025-03-13 16:05:47.391689,299.39,7,1.05,1,8,17,23.34,61,Other,West,Mobile,73,0,1,0.35,45.57,14.19,Electronics
1029,284779,2025-09-12 16:05:47.391689,189.91,5,3.92,2,5,5,23.45,48,Male,West,Mobile,24,1,1,0.66,27.7,56.07,Electronics
1030,447449,2025-10-16 16:05:47.391689,898.83,45,4.3,1,4,1,13.11,40,Female,West,Desktop,100,1,1,0.54,8.72,21.33,Beauty
1031,521909,2025-01-01 16:05:47.391689,98.63,58,4.57,2,5,14,26.35,69,Other,South,Mobile,175,1,0,0.68,18.94,10.5,Home
1032,358795,2025-04-28 16:05:47.391689,534.02,31,7.26,4,1,13,81.39,47,Male,East,Tablet,116,1,0,0.68,42.16,34.23,Home
1033,586232,2025-08-18 16:05:47.391689,422.19,23,4.5,4,3,4,106.39,50,Other,North,Desktop,165,1,1,0.63,32.21,56.68,Home
1034,600186,2025-01-29 16:05:47.391689,982.73,42,5.04,4,2,5,98.62,69,Male,South,Desktop,40,0,0,0.27,32.54,1.23,Electronics
1035,256730,2025-03-09 16:05:47.391689,129.8,10,3.14,3,6,5,83.79,26,Male,East,Tablet,343,1,1,0.04,43.34,15.05,Home
1036,970910,2025-08-08 16:05:47.391689,409.9,32,4.36,0,8,17,17.7,64,Male,South,Tablet,119,1,1,0.46,44.7,56.37,Clothing
1037,484681,2025-08-06 16:05:47.391689,970.08,53,3.05,4,4,13,38.26,18,Male,North,Tablet,96,0,0,0.89,45.99,11.09,Electronics
1038,249503,2025-10-16 16:05:47.391689,868.2,30,1.66,1,5,9,40.63,61,Female,South,Mobile,144,0,0,0.57,4.74,7.68,Home
1039,754811,2025-08-13 16:05:47.391689,820.73,39,6.43,4,9,13,33.75,52,Female,North,Tablet,215,1,0,0.83,27.21,34.64,Beauty
1040,627035,2025-12-12 16:05:47.391689,272.74,31,7.01,3,1,12,64.23,28,Male,South,Mobile,228,1,0,0.99,37.03,51.85,Electronics
1041,748143,2025-04-18 16:05:47.391689,187.47,82,6.58,1,2,2,66.59,51,Other,North,Desktop,312,0,1,0.16,37.85,29.15,Clothing
1042,552366,2025-02-26 16:05:47.391689,675.27,100,5.17,3,2,5,46.04,33,Male,South,Desktop,129,1,0,0.69,30.34,59.68,Clothing
1043,165725,2025-09-08 16:05:47.391689,930.79,2,4.42,1,8,7,45.69,26,Female,North,Tablet,351,0,0,0.67,8.34,41.07,Beauty
1044,229981,2025-08-09 16:05:47.391689,565.63,78,8.77,2,6,11,100.28,49,Other,West,Mobile,317,0,1,0.98,39.87,5.37,Beauty
1045,184654,2025-08-17 16:05:47.391689,580.18,77,5.67,0,7,12,95.77,32,Female,South,Tablet,136,1,1,0.99,36.01,59.58,Electronics
1046,691723,2025-10-26 16:05:47.391689,294.38,93,5.31,0,9,10,40.4,29,Female,South,Tablet,323,0,1,0.69,4.31,25.07,Electronics
1047,419030,2025-09-15 16:05:47.391689,774.1,12,1.23,3,8,11,110.09,50,Other,East,Mobile,336,1,1,0.24,23.19,17.96,Clothing
1048,428947,2025-04-20 16:05:47.391689,203.3,39,4.07,0,5,0,114.57,62,Male,East,Tablet,272,1,0,0.8,8.7,33.91,Beauty
1049,655839,2025-03-16 16:05:47.391689,337.21,66,4.42,3,3,16,42.58,31,Male,North,Desktop,116,1,0,0.11,16.87,18.95,Electronics
1050,373538,2025-06-07 16:05:47.391689,436.93,96,4.59,3,0,15,45.76,25,Male,South,Tablet,305,0,1,0.78,0.9,6.1,Clothing
1051,431236,2025-06-04 16:05:47.391689,517.46,13,6.22,3,7,10,63.15,25,Male,North,Mobile,93,1,1,0.91,20.02,1.08,Beauty
1052,628178,2025-10-05 16:05:47.391689,257.56,46,5.8,0,6,12,113.23,44,Other,West,Mobile,167,0,0,0.38,27.49,27.53,Clothing
1053,665894,2025-03-10 16:05:47.391689,132.54,27,6.47,3,1,17,105.78,29,Other,East,Desktop,202,1,0,0.63,30.98,50.37,Home
1054,589492,2024-12-29 16:05:47.391689,618.41,17,7.88,0,7,10,16.8,18,Other,North,Mobile,340,1,0,0.43,33.17,34.77,Beauty
1055,356840,2025-04-10 16:05:47.391689,302.86,95,8.32,3,4,11,50.16,60,Female,North,Mobile,148,0,0,0.44,41.81,59.95,Electronics
1056,573254,2025-09-28 16:05:47.391689,589.61,98,7.46,4,6,5,68.64,57,Other,East,Desktop,182,1,0,0.31,10.77,17.92,Electronics
1057,449457,2025-07-12 16:05:47.391689,171.28,60,9.6,3,3,8,62.86,59,Male,South,Tablet,151,1,1,0.76,6.02,17.55,Home
1058,765987,2025-07-22 16:05:47.391689,491.52,64,1.16,1,4,15,27.29,68,Female,North,Desktop,73,0,1,0.94,42.58,10.43,Beauty
1059,370936,2025-09-18 16:05:47.391689,541.94,88,2.76,3,7,3,103.76,28,Male,East,Tablet,364,0,1,0.94,7.83,10.68,Clothing
1060,339931,2025-06-11 16:05:47.391689,70.79,35,1.07,2,0,2,82.85,56,Male,South,Desktop,273,0,1,0.17,48.74,17.83,Electronics
1061,339629,2025-03-03 16:05:47.391689,349.87,70,6.83,3,0,15,101.36,60,Other,West,Tablet,41,1,0,0.87,42.13,47.78,Home
1062,305041,2025-05-07 16:05:47.391689,151.73,83,9.08,1,3,11,103.76,48,Other,East,Desktop,211,0,1,0.74,25.04,54.44,Home
1063,798361,2025-10-05 16:05:47.391689,82.11,30,3.19,1,2,10,91.06,34,Male,North,Tablet,100,0,0,0.25,49.07,58.53,Beauty
1064,831912,2025-10-27 16:05:47.391689,990.16,71,9.34,0,9,4,55.51,50,Male,West,Desktop,44,1,0,0.07,4.87,14.71,Beauty
1065,517113,2025-09-10 16:05:47.391689,335.91,74,1.54,4,1,17,75.21,49,Female,South,Tablet,81,0,0,0.27,15.15,53.0,Electronics
1066,168148,2025-04-19 16:05:47.391689,813.68,96,9.41,3,2,18,23.44,46,Other,South,Desktop,16,1,0,0.91,31.91,20.37,Home
1067,877089,2025-05-23 16:05:47.391689,269.55,98,4.16,0,0,5,82.47,38,Female,East,Mobile,72,1,0,0.63,17.5,7.66,Clothing
1068,748531,2025-05-09 16:05:47.391689,687.87,63,1.91,4,0,17,25.61,38,Female,East,Tablet,13,0,0,0.72,46.42,52.33,Home
1069,351995,2025-01-06 16:05:47.391689,765.02,28,5.37,3,5,5,84.8,57,Female,East,Desktop,156,1,0,0.26,3.28,38.53,Clothing
1070,778843,2025-11-04 16:05:47.391689,603.73,60,3.31,2,4,3,31.4,40,Male,South,Tablet,222,0,1,0.72,27.47,10.72,Clothing
1071,672843,2025-09-04 16:05:47.391689,482.14,79,3.56,3,7,11,18.52,23,Female,West,Tablet,131,0,0,0.03,29.54,26.36,Electronics
1072,356508,2025-02-27 16:05:47.391689,423.6,94,3.77,1,1,18,24.01,39,Female,South,Desktop,337,0,1,0.38,32.64,17.95,Home
1073,903591,2025-04-03 16:05:47.391689,361.89,37,8.23,1,3,1,5.23,67,Male,North,Tablet,46,0,1,0.63,12.78,44.47,Clothing
1074,996942,2025-05-05 16:05:47.391689,930.94,93,5.85,2,7,16,87.66,55,Other,South,Desktop,106,1,0,0.15,18.23,27.75,Beauty
1075,206530,2024-12-21 16:05:47.391689,834.01,22,3.8,0,5,10,89.23,54,Other,North,Mobile,107,1,0,0.82,42.18,59.37,Clothing
1076,704365,2025-11-20 16:05:47.391689,965.73,68,6.49,4,0,10,64.22,62,Female,West,Tablet,264,0,1,0.24,9.75,4.23,Beauty
1077,922352,2025-04-07 16:05:47.391689,141.81,20,7.45,3,3,15,23.56,68,Male,East,Mobile,204,0,1,0.65,41.34,21.95,Beauty
1078,560337,2025-12-03 16:05:47.391689,736.25,96,3.45,1,0,1,14.61,25,Other,East,Tablet,78,1,1,0.41,28.13,29.43,Home
1079,824839,2025-04-11 16:05:47.391689,939.57,100,4.72,0,1,1,7.2,58,Female,South,Tablet,154,0,1,0.6,38.11,30.68,Beauty
1080,905889,2025-01-22 16:05:47.391689,197.61,68,2.1,2,4,7,24.06,66,Female,East,Tablet,270,1,0,0.11,35.68,19.64,Clothing
1081,559773,2025-09-04 16:05:47.391689,85.17,91,2.63,1,7,12,107.45,52,Male,West,Desktop,246,0,0,0.02,10.38,44.03,Beauty
1082,308261,2025-02-26 16:05:47.391689,746.3,64,7.13,2,7,9,32.78,68,Female,East,Mobile,18,1,0,0.91,28.44,52.61,Home
1083,864469,2025-06-16 16:05:47.391689,582.98,17,2.63,3,2,7,45.74,28,Other,South,Tablet,345,1,1,0.27,43.39,56.38,Electronics
1084,441097,2025-05-04 16:05:47.391689,844.99,12,5.73,4,3,3,17.11,41,Male,West,Desktop,25,1,0,0.82,21.61,48.5,Clothing
1085,415139,2025-04-07 16:05:47.391689,156.98,22,7.38,1,9,14,30.57,66,Other,North,Tablet,216,0,1,1.0,48.33,51.18,Clothing
1086,271829,2025-07-19 16:05:47.391689,799.36,17,1.96,1,5,0,64.71,38,Other,South,Desktop,153,0,0,0.21,22.61,33.48,Home
1087,371836,2025-09-08 16:05:47.391689,217.59,10,6.11,3,9,10,74.89,68,Other,North,Tablet,153,0,1,0.27,7.14,49.73,Home
1088,538974,2025-03-31 16:05:47.391689,180.38,65,3.31,0,2,6,33.22,19,Female,West,Mobile,173,0,0,0.66,19.47,18.91,Home
1089,302283,2025-01-22 16:05:47.391689,180.98,22,9.67,4,1,16,11.64,57,Female,South,Mobile,91,0,0,0.97,47.59,24.51,Home
1090,296769,2025-12-09 16:05:47.391689,818.28,90,5.35,1,5,19,49.97,36,Other,South,Tablet,337,1,1,0.92,15.99,19.7,Clothing
1091,661353,2025-11-27 16:05:47.391689,671.89,82,8.25,4,4,17,31.93,56,Other,West,Desktop,180,1,1,0.5,43.4,28.58,Electronics
1092,323165,2025-03-08 16:05:47.391689,532.6,50,5.95,1,9,11,30.25,45,Male,East,Tablet,130,1,1,0.8,44.06,17.85,Beauty
1093,723587,2025-01-11 16:05:47.391689,371.65,14,1.39,4,4,8,115.38,34,Male,South,Desktop,297,1,1,0.14,17.51,57.74,Beauty
1094,635822,2025-04-10 16:05:47.391689,879.66,64,6.7,2,9,4,75.87,23,Female,South,Tablet,274,1,1,0.98,4.16,19.46,Electronics
1095,587879,2025-03-30 16:05:47.391689,404.6,47,9.56,1,4,9,69.04,36,Female,North,Desktop,272,1,0,0.96,36.23,6.78,Electronics
1096,664685,2025-07-06 16:05:47.391689,820.27,29,6.41,4,9,3,52.81,55,Male,East,Mobile,75,1,1,0.16,15.58,32.08,Electronics
1097,882038,2025-01-07 16:05:47.391689,450.35,76,8.37,0,4,4,54.33,45,Other,North,Tablet,176,0,0,0.3,39.15,4.37,Home
1098,453531,2025-07-14 16:05:47.391689,389.41,36,8.96,2,2,9,67.2,19,Female,North,Mobile,183,1,0,0.1,22.13,7.52,Clothing
1099,363160,2025-06-18 16:05:47.391689,473.43,99,3.05,2,6,10,85.09,55,Other,East,Mobile,318,0,0,0.27,24.26,13.94,Clothing
1100,679879,2025-07-03 16:05:47.391689,315.35,52,2.91,0,5,9,85.75,54,Male,East,Tablet,130,1,0,0.82,38.9,28.4,Clothing
1101,320884,2025-11-10 16:05:47.391689,752.66,76,6.5,4,3,7,24.74,68,Female,West,Tablet,362,1,0,0.38,19.12,26.56,Home
1102,123247,2025-06-17 16:05:47.391689,512.67,7,4.7,3,1,1,62.51,69,Female,East,Desktop,48,0,1,0.09,22.16,48.18,Clothing
1103,124300,2025-09-03 16:05:47.391689,247.57,29,8.56,0,8,7,52.38,21,Male,South,Desktop,54,1,1,0.34,18.81,44.63,Home
1104,567281,2025-03-20 16:05:47.391689,901.58,11,9.1,4,0,15,105.11,39,Female,East,Mobile,153,0,0,0.98,18.37,26.15,Clothing
1105,707086,2025-01-24 16:05:47.391689,396.21,33,4.18,0,3,4,77.61,43,Male,West,Desktop,354,1,0,0.63,26.3,20.69,Electronics
1106,633556,2025-10-09 16:05:47.391689,552.68,6,3.13,0,0,2,66.24,66,Female,West,Desktop,199,0,1,0.42,40.44,19.67,Beauty
1107,448951,2025-06-28 16:05:47.391689,908.34,79,8.02,1,5,11,18.27,60,Male,West,Tablet,307,1,1,0.17,18.09,46.67,Beauty
1108,374329,2025-01-17 16:05:47.391689,631.75,32,3.47,4,3,12,74.65,53,Female,East,Desktop,355,0,0,0.99,26.21,4.07,Home
1109,819064,2025-10-31 16:05:47.391689,134.56,51,8.4,3,4,12,18.48,30,Other,East,Mobile,117,0,1,0.82,33.54,1.76,Clothing
1110,842139,2025-10-30 16:05:47.391689,941.04,75,4.81,1,4,9,43.78,69,Other,North,Desktop,262,1,1,0.28,13.47,47.94,Beauty
1111,532315,2025-03-03 16:05:47.391689,635.15,58,7.01,0,8,3,21.43,49,Other,North,Mobile,45,1,1,0.07,13.88,29.15,Electronics
1112,616588,2025-12-01 16:05:47.391689,348.21,87,1.86,0,0,8,84.59,34,Female,South,Tablet,301,0,0,0.06,46.67,8.72,Electronics
1113,336584,2025-09-09 16:05:47.391689,156.49,26,6.61,0,1,1,28.72,58,Female,North,Mobile,355,1,1,0.12,36.18,14.9,Electronics
1114,662332,2025-02-14 16:05:47.391689,798.14,98,5.07,4,5,18,50.06,53,Other,South,Desktop,188,0,0,0.58,28.86,56.02,Home
1115,937646,2025-04-04 16:05:47.391689,627.67,46,6.28,4,4,0,108.0,63,Other,West,Tablet,309,1,0,0.93,32.39,51.71,Home
1116,476896,2025-04-15 16:05:47.391689,542.79,98,2.51,1,6,6,28.5,36,Male,North,Desktop,317,0,0,0.5,1.46,42.88,Clothing
1117,148984,2025-11-08 16:05:47.391689,896.01,29,7.63,3,2,16,63.4,52,Male,East,Tablet,128,1,0,0.84,30.91,29.45,Electronics
1118,402918,2025-05-12 16:05:47.391689,792.83,4,8.77,1,2,2,53.22,63,Male,North,Tablet,48,0,0,0.45,25.48,31.7,Clothing
1119,364712,2025-01-10 16:05:47.391689,168.64,81,2.95,2,9,19,7.08,57,Other,South,Desktop,24,1,1,0.71,27.29,58.54,Clothing
1120,220151,2025-09-14 16:05:47.391689,325.49,99,1.86,0,1,19,96.17,45,Other,North,Desktop,265,0,0,0.73,17.97,57.98,Electronics
1121,555808,2025-03-24 16:05:47.391689,263.52,13,1.21,0,2,2,12.94,18,Other,West,Tablet,117,0,0,0.17,4.07,13.7,Clothing
1122,233767,2025-09-11 16:05:47.391689,749.07,39,6.78,0,9,2,59.54,59,Male,East,Tablet,143,1,0,0.36,9.67,48.86,Beauty
1123,748663,2025-09-14 16:05:47.391689,52.86,15,6.46,1,0,16,69.48,35,Female,South,Desktop,199,1,1,0.64,47.54,12.64,Home
1124,803550,2025-08-20 16:05:47.391689,578.49,29,5.92,1,4,6,77.27,65,Other,East,Mobile,156,0,1,0.07,20.43,13.6,Clothing
1125,236330,2025-08-30 16:05:47.391689,767.21,29,3.09,0,4,13,84.19,57,Female,East,Desktop,347,0,1,0.36,23.33,40.89,Electronics
1126,580754,2025-05-31 16:05:47.391689,879.23,75,4.52,1,6,16,34.13,50,Female,South,Tablet,133,0,1,0.53,2.64,24.9,Home
1127,401648,2025-02-02 16:05:47.391689,355.24,32,6.35,4,3,17,6.15,29,Female,East,Desktop,147,0,1,1.0,1.88,55.96,Home
1128,788519,2025-08-21 16:05:47.391689,824.83,2,5.47,4,2,12,88.2,25,Male,East,Mobile,335,1,1,0.47,35.86,6.25,Clothing
1129,113986,2025-09-29 16:05:47.391689,128.42,47,9.89,1,0,19,66.6,41,Female,North,Desktop,70,0,1,0.82,26.9,31.18,Beauty
1130,686146,2025-05-10 16:05:47.391689,849.52,78,2.23,0,7,19,101.15,33,Other,East,Tablet,232,0,0,0.43,25.44,55.19,Clothing
1131,229312,2025-03-11 16:05:47.391689,144.94,84,7.26,1,2,17,99.46,67,Male,East,Desktop,333,0,0,0.8,12.16,54.34,Beauty
1132,112666,2025-04-08 16:05:47.391689,409.34,22,4.64,1,1,3,101.98,21,Other,East,Tablet,298,1,1,0.6,37.24,10.24,Home
1133,400804,2025-07-02 16:05:47.391689,801.35,75,4.85,1,3,0,60.79,55,Other,East,Tablet,153,0,0,0.89,8.41,22.63,Clothing
1134,234633,2024-12-21 16:05:47.391689,166.92,27,7.46,2,2,17,43.37,61,Male,South,Desktop,89,1,0,0.41,9.5,37.53,Electronics
1135,388998,2025-06-04 16:05:47.391689,244.67,67,7.23,4,0,0,96.03,44,Other,West,Tablet,333,1,1,0.6,23.04,10.4,Clothing
1136,950937,2025-04-30 16:05:47.391689,727.81,81,9.92,3,2,12,56.9,26,Other,North,Tablet,198,1,0,0.63,14.31,58.11,Beauty
1137,728776,2025-06-19 16:05:47.391689,725.64,56,2.16,3,1,19,26.1,64,Male,East,Mobile,160,1,0,0.42,12.37,54.97,Beauty
1138,807611,2025-09-05 16:05:47.391689,648.32,92,1.94,2,7,19,103.32,33,Other,East,Mobile,25,1,1,0.14,32.26,10.85,Clothing
1139,384806,2025-11-07 16:05:47.391689,700.07,93,7.52,1,5,9,106.49,29,Female,South,Mobile,120,1,0,0.09,32.55,8.15,Beauty
1140,894824,2025-09-08 16:05:47.391689,551.87,21,6.21,2,8,10,58.63,48,Other,West,Mobile,300,1,1,0.02,41.23,6.04,Home
1141,130535,2025-07-14 16:05:47.391689,266.76,47,3.47,2,7,8,13.71,41,Female,East,Tablet,211,0,1,0.87,20.89,54.66,Clothing
1142,475713,2025-07-15 16:05:47.391689,358.78,80,1.71,0,9,8,49.6,31,Other,South,Desktop,62,0,0,0.24,3.65,12.42,Beauty
1143,938688,2025-06-06 16:05:47.391689,197.97,59,1.77,4,2,4,97.41,62,Male,North,Tablet,67,1,0,0.21,13.68,25.56,Clothing
1144,451279,2025-05-03 16:05:47.391689,910.28,84,9.05,3,4,0,108.7,42,Male,North,Tablet,252,0,0,0.74,49.0,27.48,Clothing
1145,921654,2025-11-06 16:05:47.391689,591.72,6,2.73,1,6,16,28.4,51,Other,East,Tablet,1,0,1,0.32,29.81,36.34,Electronics
1146,701661,2025-03-20 16:05:47.391689,412.83,19,3.91,3,4,1,12.7,20,Male,East,Desktop,107,1,1,0.51,35.49,5.23,Clothing
1147,747972,2025-06-13 16:05:47.391689,472.77,57,3.04,3,7,12,105.9,41,Other,West,Mobile,285,0,1,0.16,0.37,14.38,Electronics
1148,589570,2025-11-30 16:05:47.391689,948.34,69,4.19,4,4,8,49.78,59,Male,West,Tablet,48,1,0,0.96,25.91,55.96,Beauty
1149,556551,2025-03-09 16:05:47.391689,170.28,3,1.62,3,0,3,67.3,26,Female,East,Tablet,139,0,0,0.85,1.88,54.6,Electronics
1150,373109,2025-05-10 16:05:47.391689,594.51,1,5.67,3,4,4,116.33,43,Other,South,Mobile,217,1,1,0.86,28.46,47.1,Electronics
1151,124538,2024-12-23 16:05:47.391689,515.77,58,1.61,2,3,10,12.65,37,Female,West,Tablet,43,1,0,0.41,46.04,2.14,Electronics
1152,994498,2024-12-17 16:05:47.391689,619.23,38,8.2,4,5,18,79.56,57,Female,East,Desktop,268,0,0,0.76,48.42,20.29,Home
1153,301664,2025-03-02 16:05:47.391689,37.75,15,3.1,0,2,2,13.52,27,Other,West,Tablet,77,0,1,0.14,27.03,38.05,Electronics
1154,591234,2025-03-15 16:05:47.391689,874.68,34,5.86,1,4,11,48.18,36,Female,East,Tablet,215,1,1,0.01,22.91,17.24,Clothing
1155,999684,2025-10-12 16:05:47.391689,933.48,61,8.92,3,1,18,97.44,20,Other,North,Mobile,97,1,0,0.02,47.25,54.67,Electronics
1156,239182,2025-09-20 16:05:47.391689,573.83,35,6.86,1,5,18,54.85,41,Female,East,Tablet,235,1,1,0.59,33.68,38.4,Clothing
1157,572525,2025-05-10 16:05:47.391689,702.72,64,5.8,0,5,12,119.68,22,Other,North,Tablet,281,0,0,0.46,3.24,5.24,Electronics
1158,258338,2025-01-05 16:05:47.391689,924.05,25,3.92,1,4,6,69.29,20,Other,West,Desktop,148,0,1,0.52,23.29,54.63,Home
1159,284064,2025-06-09 16:05:47.391689,713.09,24,4.0,0,5,14,41.93,44,Male,East,Mobile,303,0,1,0.01,12.01,57.51,Beauty
1160,314020,2025-11-24 16:05:47.391689,169.49,12,7.03,2,6,6,30.31,33,Other,West,Mobile,65,0,1,0.42,23.49,5.59,Electronics
1161,723094,2025-06-19 16:05:47.391689,584.76,18,9.95,3,4,7,45.31,66,Other,North,Desktop,233,1,0,0.72,22.77,32.41,Electronics
1162,997421,2025-09-04 16:05:47.391689,614.58,15,6.96,0,0,4,47.84,32,Female,East,Tablet,86,1,0,0.44,29.11,18.9,Home
1163,715270,2025-04-24 16:05:47.391689,435.65,80,6.02,1,7,13,12.9,52,Other,West,Mobile,78,1,1,0.73,17.84,24.18,Electronics
1164,745914,2025-09-28 16:05:47.391689,741.72,27,7.58,3,3,3,47.5,29,Male,North,Mobile,204,1,1,0.23,8.21,11.6,Clothing
1165,219176,2025-03-23 16:05:47.391689,935.68,72,5.19,2,8,9,58.39,58,Female,West,Tablet,278,0,1,0.81,25.19,35.11,Electronics
1166,318126,2025-03-04 16:05:47.391689,927.06,60,1.54,3,9,19,88.11,61,Female,South,Tablet,336,1,0,0.59,41.51,57.52,Electronics
1167,318969,2025-05-21 16:05:47.391689,461.82,46,6.06,0,5,14,80.52,43,Male,North,Mobile,253,1,1,0.21,33.2,30.68,Beauty
1168,222409,2025-05-04 16:05:47.391689,130.97,89,9.62,2,0,17,86.51,64,Female,North,Tablet,303,0,1,0.24,16.92,5.89,Beauty
1169,647707,2025-10-22 16:05:47.391689,985.14,17,2.58,1,2,19,5.96,51,Female,North,Mobile,129,0,1,0.63,46.78,37.58,Electronics
1170,353618,2025-01-08 16:05:47.391689,842.12,93,7.21,2,2,12,30.03,40,Female,East,Tablet,83,1,1,0.83,45.61,21.07,Home
1171,869598,2025-07-22 16:05:47.391689,142.17,53,2.81,2,9,7,81.09,48,Female,East,Tablet,275,0,0,0.42,10.47,51.5,Beauty
1172,150015,2025-10-05 16:05:47.391689,922.43,8,5.82,4,3,8,60.66,67,Male,East,Desktop,186,1,0,0.26,1.97,26.65,Electronics
1173,872838,2025-09-05 16:05:47.391689,872.5,79,1.87,2,5,15,5.61,37,Male,South,Tablet,45,0,1,0.87,37.07,12.38,Beauty
1174,222096,2025-11-18 16:05:47.391689,528.46,27,5.05,2,6,18,97.52,29,Female,South,Desktop,182,0,0,0.67,41.38,12.28,Electronics
1175,731347,2025-10-21 16:05:47.391689,599.45,46,7.81,3,9,15,93.87,40,Female,North,Tablet,267,1,0,0.45,48.39,46.36,Beauty
1176,285340,2025-07-15 16:05:47.391689,411.02,50,4.13,1,3,6,68.07,21,Male,South,Mobile,295,0,0,0.49,44.49,16.67,Beauty
1177,210687,2025-07-22 16:05:47.391689,73.67,71,6.98,3,5,13,12.64,40,Male,West,Mobile,321,1,1,0.2,30.03,46.27,Clothing
1178,974371,2025-10-17 16:05:47.391689,348.49,3,8.16,3,0,13,93.15,65,Male,North,Tablet,99,0,0,0.63,26.5,13.15,Electronics
1179,511357,2025-11-04 16:05:47.391689,806.8,93,9.34,0,7,3,72.13,65,Female,North,Tablet,77,0,0,0.36,1.39,19.98,Electronics
1180,835716,2025-08-26 16:05:47.391689,24.54,64,3.11,3,6,14,94.93,18,Female,West,Mobile,271,0,0,1.0,12.33,28.46,Electronics
1181,205878,2025-06-15 16:05:47.391689,346.83,44,4.59,4,8,2,91.45,42,Other,North,Tablet,338,0,1,0.48,22.98,56.65,Electronics
1182,827270,2025-11-01 16:05:47.391689,410.21,53,2.37,4,2,4,97.35,19,Male,South,Desktop,161,0,1,0.49,31.43,55.97,Beauty
1183,298286,2025-06-10 16:05:47.391689,546.65,24,9.93,0,1,0,64.57,47,Female,East,Desktop,43,1,0,0.57,27.86,13.21,Clothing
1184,873290,2025-05-04 16:05:47.391689,921.46,60,9.34,1,0,2,21.14,20,Male,West,Desktop,237,0,0,0.92,37.13,22.13,Clothing
1185,874684,2025-08-13 16:05:47.391689,359.42,3,5.86,1,2,14,82.18,38,Female,South,Desktop,133,1,1,0.8,13.99,9.81,Home
1186,264899,2025-08-02 16:05:47.391689,360.01,20,8.58,3,4,7,76.35,42,Male,West,Desktop,191,0,1,0.45,28.25,31.09,Electronics
1187,424767,2025-07-03 16:05:47.391689,742.75,46,5.69,3,1,3,90.36,37,Female,West,Tablet,355,1,0,0.72,4.41,28.17,Home
1188,961882,2025-05-12 16:05:47.391689,463.17,15,6.61,3,2,1,24.54,66,Other,North,Tablet,277,0,0,0.59,20.68,54.14,Beauty
1189,979858,2025-05-06 16:05:47.391689,240.11,25,1.8,1,3,9,27.42,69,Other,North,Desktop,17,1,1,0.49,37.51,55.87,Home
1190,479989,2025-04-22 16:05:47.391689,463.39,94,7.8,2,6,3,107.4,39,Male,South,Tablet,11,1,1,0.19,34.67,23.63,Electronics
1191,515515,2025-01-16 16:05:47.391689,158.04,78,2.15,4,2,2,91.25,38,Female,West,Tablet,179,0,0,0.46,49.53,30.01,Clothing
1192,143585,2025-07-20 16:05:47.391689,192.86,71,8.43,2,8,1,109.45,50,Female,North,Desktop,122,0,1,0.25,13.89,53.88,Clothing
1193,471369,2025-04-18 16:05:47.391689,508.4,17,8.04,2,7,16,92.25,69,Male,North,Tablet,245,0,0,0.91,24.91,48.6,Electronics
1194,164044,2025-09-28 16:05:47.391689,430.55,84,7.38,1,3,19,73.67,55,Female,West,Tablet,221,1,0,0.34,16.48,1.22,Beauty
1195,542296,2025-12-04 16:05:47.391689,916.55,100,1.33,2,0,12,80.23,32,Male,South,Tablet,50,1,0,0.95,22.03,19.88,Electronics
1196,209556,2025-09-30 16:05:47.391689,375.15,9,3.73,0,0,4,107.25,63,Female,South,Desktop,70,0,1,0.53,42.85,25.88,Beauty
1197,626981,2025-04-04 16:05:47.391689,588.98,38,3.37,3,0,8,71.56,69,Male,West,Tablet,47,0,0,0.63,34.21,14.55,Clothing
1198,981691,2025-04-27 16:05:47.391689,639.62,48,4.24,0,0,5,77.73,32,Female,South,Mobile,18,1,0,0.54,44.12,12.77,Beauty
1199,867595,2025-12-06 16:05:47.391689,32.83,60,1.79,4,7,4,22.99,63,Male,North,Mobile,261,1,1,0.13,10.18,3.23,Electronics
1200,300235,2025-06-22 16:05:47.391689,670.27,63,9.43,3,2,9,59.5,42,Female,West,Desktop,83,0,1,0.38,43.67,38.96,Electronics
1201,125939,2025-07-25 16:05:47.391689,194.48,86,5.98,2,5,7,87.39,38,Other,North,Mobile,154,1,0,0.1,2.99,16.49,Electronics
1202,252906,2025-06-28 16:05:47.391689,961.85,2,3.75,4,2,6,36.16,41,Female,East,Desktop,52,0,0,0.62,44.43,4.09,Beauty
1203,642335,2025-06-26 16:05:47.391689,165.69,88,4.57,3,4,6,28.26,22,Male,East,Mobile,106,0,1,0.45,16.45,14.63,Beauty
1204,388249,2025-03-05 16:05:47.391689,426.33,72,5.02,2,6,5,41.09,23,Other,South,Mobile,356,0,1,0.78,15.73,48.31,Beauty
1205,175766,2025-08-13 16:05:47.391689,103.64,11,6.41,0,1,19,32.77,66,Female,East,Mobile,303,1,1,0.22,25.6,51.24,Clothing
1206,508923,2025-06-02 16:05:47.391689,996.94,64,5.64,3,5,2,29.71,60,Other,North,Desktop,134,1,0,0.16,47.03,29.5,Home
1207,515192,2025-12-08 16:05:47.391689,512.15,77,9.27,2,5,18,53.86,65,Female,East,Desktop,68,1,0,0.41,2.39,25.55,Home
1208,668550,2025-11-14 16:05:47.391689,603.48,81,5.47,0,2,14,109.4,61,Other,North,Tablet,10,1,0,0.93,17.61,58.69,Electronics
1209,487261,2025-07-01 16:05:47.391689,85.73,72,9.93,4,5,3,63.31,64,Male,South,Desktop,142,0,1,0.71,42.83,12.83,Clothing
1210,910208,2025-01-08 16:05:47.391689,754.96,21,8.66,4,9,11,26.61,40,Female,South,Mobile,191,1,0,0.42,19.8,13.71,Beauty
1211,785440,2025-07-30 16:05:47.391689,225.71,18,2.88,4,9,5,13.85,21,Female,North,Mobile,68,0,1,0.52,9.96,18.22,Electronics
1212,752664,2025-01-26 16:05:47.391689,900.09,94,9.38,4,4,18,85.06,44,Male,East,Desktop,22,0,0,0.08,21.24,11.19,Clothing
1213,554589,2025-01-05 16:05:47.391689,221.04,64,2.05,1,1,3,49.02,35,Other,South,Desktop,180,0,1,0.98,19.28,23.38,Electronics
1214,237848,2025-07-21 16:05:47.391689,206.87,82,8.36,3,8,14,99.51,38,Male,West,Desktop,292,1,0,0.67,45.77,54.74,Clothing
1215,717075,2025-01-20 16:05:47.391689,55.82,95,4.43,3,7,8,80.84,45,Male,South,Tablet,8,0,0,0.29,38.1,37.31,Clothing
1216,227948,2025-05-10 16:05:47.391689,482.63,38,8.9,1,2,4,96.57,52,Other,East,Mobile,270,0,1,0.59,25.26,25.3,Home
1217,679304,2025-02-15 16:05:47.391689,573.54,32,8.81,2,7,12,36.27,39,Male,West,Tablet,92,1,1,0.11,49.42,56.13,Electronics
1218,502690,2025-08-03 16:05:47.391689,84.39,11,8.25,2,8,17,84.62,57,Female,East,Tablet,16,0,0,0.97,23.26,3.86,Beauty
1219,599046,2025-02-24 16:05:47.391689,780.02,45,8.11,4,2,4,35.37,40,Female,North,Mobile,153,1,1,0.17,2.91,13.41,Home
1220,551269,2025-10-04 16:05:47.391689,464.22,89,3.74,0,2,15,112.99,20,Female,West,Mobile,327,1,1,0.65,13.11,34.39,Home
1221,121959,2025-04-05 16:05:47.391689,533.9,33,1.73,2,1,18,78.18,57,Male,East,Desktop,148,1,0,0.25,21.8,37.32,Beauty
1222,760890,2025-03-13 16:05:47.391689,451.95,41,4.63,0,7,13,42.32,67,Female,West,Desktop,266,0,1,0.72,7.85,3.33,Clothing
1223,850216,2024-12-14 16:05:47.391689,412.75,8,2.56,3,9,15,35.99,27,Female,East,Tablet,327,1,0,0.78,47.38,24.78,Beauty
1224,890180,2025-06-14 16:05:47.391689,568.45,11,7.25,0,0,14,26.96,42,Female,West,Desktop,105,1,0,0.67,38.34,39.3,Electronics
1225,328576,2025-06-29 16:05:47.391689,172.14,86,4.11,3,7,3,84.88,69,Female,East,Desktop,34,1,1,0.61,13.41,42.19,Beauty
1226,637833,2025-09-13 16:05:47.391689,198.29,51,9.78,1,6,6,30.15,66,Female,North,Mobile,118,1,1,0.89,29.54,38.65,Clothing
1227,265838,2025-05-25 16:05:47.391689,864.55,88,6.77,1,6,15,73.46,25,Female,West,Mobile,13,0,0,0.08,36.07,19.91,Beauty
1228,435674,2025-01-01 16:05:47.391689,947.19,41,8.4,4,2,7,35.43,28,Male,West,Desktop,13,1,0,0.33,47.06,6.52,Clothing
1229,979989,2025-11-24 16:05:47.391689,385.84,17,2.19,2,0,16,81.13,22,Female,West,Mobile,265,0,0,0.25,44.08,26.2,Clothing
1230,161087,2025-11-04 16:05:47.391689,285.33,76,8.76,4,3,15,98.72,62,Female,West,Desktop,139,1,0,0.99,25.76,8.6,Electronics
1231,693128,2025-08-09 16:05:47.391689,651.12,46,9.3,3,8,9,94.47,54,Other,North,Mobile,293,0,0,0.39,38.73,56.91,Beauty
1232,218451,2025-06-23 16:05:47.391689,420.56,32,5.38,4,4,9,92.5,62,Male,West,Mobile,363,1,0,0.73,28.11,29.04,Beauty
1233,547600,2025-07-25 16:05:47.391689,44.88,79,6.46,0,0,1,26.59,55,Male,South,Mobile,118,0,1,0.68,27.64,19.72,Electronics
1234,937437,2025-04-15 16:05:47.391689,173.03,80,7.88,3,4,8,15.16,46,Male,North,Mobile,237,1,1,0.21,5.74,46.21,Clothing
1235,539792,2025-05-07 16:05:47.391689,721.65,54,2.57,1,7,16,85.38,22,Male,South,Desktop,33,0,1,0.24,6.31,30.38,Beauty
1236,139353,2025-08-09 16:05:47.391689,665.75,86,5.52,2,7,10,47.36,26,Female,West,Tablet,168,0,0,0.28,26.48,19.29,Electronics
1237,293075,2025-10-16 16:05:47.391689,46.55,92,4.59,3,4,9,54.72,65,Female,East,Mobile,9,0,1,0.41,13.44,48.91,Clothing
1238,314283,2025-07-18 16:05:47.391689,237.53,20,2.32,3,8,16,8.58,19,Other,South,Desktop,121,1,0,0.23,1.05,52.16,Electronics
1239,414877,2025-01-30 16:05:47.391689,246.45,33,4.31,0,0,3,34.85,18,Other,West,Desktop,144,0,0,0.02,36.14,40.71,Beauty
1240,165318,2024-12-17 16:05:47.391689,678.45,74,1.61,2,3,15,8.87,57,Male,South,Mobile,222,0,1,0.88,1.62,3.77,Electronics
1241,865313,2025-12-12 16:05:47.391689,39.32,40,1.23,1,2,19,106.11,68,Other,West,Tablet,256,0,0,0.97,29.76,34.41,Home
1242,582690,2024-12-30 16:05:47.391689,122.03,32,2.22,3,1,14,32.99,47,Other,West,Mobile,267,0,0,0.34,26.96,46.03,Clothing
1243,516880,2025-06-06 16:05:47.391689,803.92,97,9.67,3,7,4,69.09,28,Male,West,Desktop,358,1,0,0.34,48.44,9.05,Home
1244,691460,2025-06-05 16:05:47.391689,194.97,2,5.95,0,6,5,9.48,45,Male,East,Tablet,3,0,0,0.01,24.21,14.49,Home
1245,840976,2025-02-04 16:05:47.391689,659.69,97,9.69,4,8,16,81.69,61,Other,South,Desktop,353,0,0,0.68,3.18,53.07,Clothing
1246,881239,2025-08-18 16:05:47.391689,253.42,33,4.89,1,1,0,42.15,29,Female,North,Mobile,105,0,0,0.83,27.58,2.19,Clothing
1247,193264,2025-08-01 16:05:47.391689,117.45,77,3.81,2,3,18,108.26,56,Other,North,Tablet,84,1,1,0.15,42.05,45.41,Electronics
1248,870746,2025-10-16 16:05:47.391689,258.31,30,5.56,3,5,3,107.13,43,Other,North,Desktop,213,0,0,0.16,49.84,28.95,Clothing
1249,913168,2025-10-30 16:05:47.391689,727.82,33,4.96,3,2,16,42.41,30,Female,North,Desktop,120,0,0,0.79,21.52,27.36,Home
1250,325281,2025-06-23 16:05:47.391689,858.58,77,1.95,1,7,8,108.61,25,Female,West,Desktop,131,0,0,0.62,16.01,1.42,Home
1251,737147,2025-07-06 16:05:47.391689,833.62,26,6.77,4,2,1,119.56,45,Male,South,Mobile,337,0,0,0.04,45.33,49.34,Beauty
1252,998613,2025-06-23 16:05:47.391689,409.24,22,2.94,3,1,7,99.92,47,Male,South,Tablet,196,1,1,0.62,9.56,22.23,Clothing
1253,494070,2025-01-30 16:05:47.391689,674.72,66,6.58,1,2,14,102.16,26,Other,East,Mobile,18,0,1,0.31,30.77,32.91,Home
1254,452228,2025-02-13 16:05:47.391689,220.88,38,6.85,0,5,6,33.64,56,Female,South,Mobile,129,0,0,0.37,20.29,40.96,Beauty
1255,531839,2025-07-17 16:05:47.391689,307.28,90,2.37,4,1,5,71.32,48,Male,South,Mobile,11,1,0,0.77,2.05,42.46,Beauty
1256,369536,2025-09-24 16:05:47.391689,898.41,46,1.55,2,7,0,12.73,38,Other,South,Tablet,80,1,0,0.81,17.36,57.4,Electronics
1257,417824,2025-05-14 16:05:47.391689,32.74,15,8.03,3,0,14,15.92,64,Female,East,Mobile,329,1,1,0.4,13.26,32.35,Home
1258,357426,2025-05-24 16:05:47.391689,103.8,98,5.14,1,6,6,119.87,51,Other,North,Mobile,353,0,1,0.95,34.3,24.58,Electronics
1259,277789,2025-04-05 16:05:47.391689,223.73,44,1.52,0,1,16,42.56,48,Male,South,Mobile,261,1,1,0.41,47.44,57.27,Home
1260,613153,2025-04-28 16:05:47.391689,46.0,49,9.95,2,9,1,91.04,69,Male,East,Mobile,124,0,1,0.77,13.4,38.88,Electronics
1261,842452,2025-07-02 16:05:47.391689,197.81,75,1.52,1,5,8,97.77,42,Female,East,Desktop,306,1,0,0.48,40.57,18.59,Electronics
1262,937291,2025-04-30 16:05:47.391689,591.38,61,7.26,1,1,8,103.67,29,Other,West,Mobile,266,0,1,0.9,2.77,8.46,Clothing
1263,225657,2025-07-19 16:05:47.391689,433.0,67,9.85,2,1,12,119.73,18,Female,East,Desktop,139,1,1,0.91,26.91,50.71,Electronics
1264,335167,2025-11-23 16:05:47.391689,894.82,6,3.15,0,9,5,32.77,39,Male,North,Mobile,328,0,0,0.09,3.53,22.37,Clothing
1265,781669,2025-10-27 16:05:47.391689,821.09,9,2.28,0,7,5,9.64,57,Male,South,Tablet,1,1,0,0.94,46.7,39.97,Beauty
1266,580671,2025-04-24 16:05:47.391689,354.98,6,2.09,4,1,19,52.29,54,Other,East,Desktop,7,0,1,0.83,38.32,28.78,Home
1267,819094,2025-02-11 16:05:47.391689,274.23,73,3.73,3,6,19,19.96,64,Other,North,Desktop,249,0,1,0.79,32.9,12.74,Beauty
1268,170467,2025-11-29 16:05:47.391689,392.1,95,1.91,2,2,2,7.58,18,Other,East,Desktop,138,0,1,0.2,41.19,36.5,Home
1269,283734,2025-07-23 16:05:47.391689,598.49,32,7.23,2,7,16,46.45,18,Female,East,Desktop,123,0,1,0.81,32.38,4.58,Beauty
1270,722794,2025-12-12 16:05:47.391689,282.7,41,1.56,2,6,16,95.13,59,Other,East,Tablet,308,0,0,0.85,48.45,25.39,Home
1271,209751,2025-10-20 16:05:47.391689,631.67,76,5.58,0,7,11,70.11,59,Other,East,Mobile,227,0,0,0.29,35.7,33.25,Electronics
1272,481050,2025-03-29 16:05:47.391689,421.22,8,9.97,3,6,15,40.97,38,Male,East,Desktop,9,0,1,0.95,46.23,26.73,Home
1273,911774,2025-07-22 16:05:47.391689,561.01,72,8.33,4,5,14,80.25,32,Male,North,Tablet,211,0,1,0.05,25.86,45.17,Home
1274,792517,2025-12-01 16:05:47.391689,447.4,50,6.54,1,6,12,31.68,34,Other,South,Desktop,111,1,1,0.15,5.85,49.85,Beauty
1275,561079,2025-01-17 16:05:47.391689,308.58,92,3.76,1,4,0,6.65,39,Other,South,Mobile,7,0,1,0.54,26.41,46.5,Beauty
1276,468452,2025-05-03 16:05:47.391689,949.48,62,6.62,2,6,16,92.9,55,Male,South,Desktop,291,0,1,0.58,6.34,3.29,Beauty
1277,206081,2025-03-16 16:05:47.391689,768.33,84,5.74,3,0,2,76.73,52,Other,South,Tablet,361,1,0,0.65,29.62,12.45,Clothing
1278,713333,2024-12-20 16:05:47.391689,157.31,62,4.83,0,0,14,92.66,62,Female,North,Mobile,252,0,0,0.02,24.12,32.66,Clothing
1279,658986,2025-07-10 16:05:47.391689,871.1,7,2.18,3,8,3,9.48,33,Female,West,Tablet,13,1,0,0.96,31.13,56.15,Home
1280,210078,2025-12-05 16:05:47.391689,497.68,75,8.98,3,4,3,101.27,25,Female,West,Mobile,239,0,1,0.04,0.5,50.26,Home
1281,967055,2025-08-13 16:05:47.391689,896.66,84,5.05,0,4,17,76.25,64,Other,North,Mobile,241,1,1,0.14,9.74,50.71,Electronics
1282,122671,2024-12-30 16:05:47.391689,803.86,80,2.75,2,2,16,69.79,34,Male,North,Mobile,341,1,0,0.01,24.57,18.89,Electronics
1283,518400,2025-07-02 16:05:47.391689,436.71,4,4.31,3,4,18,76.83,34,Other,East,Desktop,148,0,0,0.57,47.53,26.34,Home
1284,455528,2025-09-14 16:05:47.391689,42.02,6,4.73,1,2,10,104.41,43,Other,East,Tablet,235,1,1,0.93,19.18,28.77,Clothing
1285,710490,2025-07-30 16:05:47.391689,283.3,58,8.45,0,8,19,72.5,30,Male,East,Tablet,305,0,0,0.67,21.22,10.28,Home
1286,151663,2025-06-10 16:05:47.391689,550.8,22,7.6,4,8,2,71.81,34,Male,South,Tablet,166,0,1,0.82,35.73,2.83,Electronics
1287,115708,2025-01-31 16:05:47.391689,640.81,26,7.92,2,5,7,118.93,55,Male,East,Mobile,19,0,1,0.01,30.19,56.87,Clothing
1288,978338,2025-06-18 16:05:47.391689,272.73,3,1.1,0,0,13,92.02,34,Female,West,Desktop,215,0,0,0.54,14.95,15.2,Clothing
1289,411955,2025-11-15 16:05:47.391689,156.57,41,4.75,4,6,0,55.86,65,Other,South,Mobile,342,1,0,0.46,20.54,15.16,Electronics
1290,233883,2025-05-07 16:05:47.391689,838.23,60,5.33,4,6,13,86.35,31,Male,East,Tablet,134,0,0,0.5,10.88,5.92,Home
1291,418394,2024-12-21 16:05:47.391689,984.71,14,1.17,3,9,1,49.76,62,Other,South,Desktop,128,1,1,0.07,48.3,55.78,Beauty
1292,212547,2025-11-02 16:05:47.391689,535.18,75,3.34,3,9,3,31.32,23,Female,West,Desktop,293,1,1,0.68,6.53,35.2,Home
1293,659042,2025-04-29 16:05:47.391689,188.25,82,7.84,3,3,18,73.64,52,Female,East,Desktop,245,0,0,0.5,18.59,40.36,Home
1294,851102,2025-06-04 16:05:47.391689,286.86,12,2.23,0,7,5,111.74,63,Male,West,Tablet,188,0,1,0.77,1.29,54.78,Electronics
1295,862002,2025-07-21 16:05:47.391689,38.02,87,5.82,0,5,0,111.85,31,Male,West,Desktop,43,0,1,0.49,11.09,21.39,Clothing
1296,242483,2025-05-26 16:05:47.391689,916.01,12,2.94,2,3,16,44.32,64,Other,West,Desktop,85,0,1,0.15,39.02,37.67,Electronics
1297,758271,2025-05-15 16:05:47.391689,135.4,13,1.11,3,3,7,65.68,25,Male,East,Mobile,43,1,0,0.65,10.06,3.29,Home
1298,314835,2025-05-07 16:05:47.391689,584.99,25,3.17,4,1,18,29.34,32,Other,North,Mobile,329,0,1,0.17,4.0,12.02,Beauty
1299,501896,2025-04-17 16:05:47.391689,288.57,45,9.78,1,1,0,119.5,44,Male,East,Desktop,144,1,0,0.87,23.72,50.04,Beauty
1300,184896,2025-10-28 16:05:47.391689,563.09,19,8.21,2,3,4,117.83,30,Other,West,Desktop,50,0,0,0.61,0.5,46.24,Beauty
1301,577095,2025-11-08 16:05:47.391689,658.39,55,9.64,0,4,15,79.69,66,Other,East,Mobile,241,0,1,0.16,4.24,21.69,Electronics
1302,171295,2025-04-04 16:05:47.391689,833.15,100,5.39,2,7,5,97.51,48,Other,West,Mobile,293,0,0,0.96,40.38,23.23,Clothing
1303,843974,2025-09-22 16:05:47.391689,222.29,45,1.99,2,5,7,87.24,52,Other,North,Mobile,50,0,1,0.52,38.57,32.48,Electronics
1304,987121,2025-04-01 16:05:47.391689,30.78,8,5.93,2,3,12,73.21,23,Female,South,Tablet,265,1,0,0.07,45.76,1.01,Beauty
1305,373255,2025-05-30 16:05:47.391689,154.15,93,5.09,2,6,15,11.14,22,Other,North,Tablet,119,1,0,0.63,42.73,15.23,Home
1306,399648,2025-02-13 16:05:47.391689,902.02,53,8.6,1,7,2,57.3,39,Male,North,Mobile,199,0,1,0.25,34.16,13.29,Clothing
1307,757162,2025-12-03 16:05:47.391689,876.41,55,1.88,3,1,18,82.6,66,Female,South,Desktop,247,1,0,0.8,2.62,15.78,Electronics
1308,108155,2025-02-04 16:05:47.391689,605.46,32,5.39,4,6,11,82.92,40,Female,East,Mobile,69,1,0,0.82,39.14,48.55,Electronics
1309,566872,2025-03-02 16:05:47.391689,608.51,51,2.35,2,1,15,47.91,42,Other,South,Tablet,340,0,0,0.98,42.28,17.5,Clothing
1310,925816,2025-04-15 16:05:47.391689,671.74,44,3.92,2,1,10,113.29,51,Female,East,Desktop,56,0,1,0.5,39.95,12.3,Clothing
1311,474705,2025-04-06 16:05:47.391689,191.86,82,7.64,2,7,9,24.25,43,Other,East,Tablet,38,1,1,0.45,25.42,30.75,Home
1312,671542,2025-12-08 16:05:47.391689,916.12,70,5.28,3,1,19,62.54,64,Male,West,Desktop,288,1,0,0.75,11.65,52.07,Clothing
1313,908350,2025-08-16 16:05:47.391689,430.4,18,4.38,0,8,3,84.45,22,Other,West,Tablet,17,1,0,0.13,42.27,15.24,Home
1314,710269,2025-02-27 16:05:47.391689,395.48,83,4.55,0,0,11,85.17,43,Female,South,Desktop,219,1,0,0.55,36.36,5.63,Beauty
1315,654594,2025-10-09 16:05:47.391689,528.54,22,5.14,1,8,1,79.59,37,Male,North,Desktop,312,0,1,0.55,49.04,22.03,Beauty
1316,247718,2025-07-20 16:05:47.391689,66.03,37,8.07,0,0,18,36.66,23,Other,South,Desktop,243,0,1,0.09,7.78,45.11,Electronics
1317,408987,2025-05-03 16:05:47.391689,182.96,96,9.03,2,9,4,22.96,23,Male,East,Desktop,351,1,0,0.42,11.28,33.49,Beauty
1318,745263,2025-04-18 16:05:47.391689,743.27,56,9.6,2,9,7,78.13,67,Male,West,Tablet,303,0,1,0.85,10.59,49.19,Beauty
1319,458745,2025-06-19 16:05:47.391689,101.14,59,8.08,2,1,6,73.92,35,Female,South,Tablet,297,1,1,0.86,39.63,57.62,Home
1320,207512,2025-03-21 16:05:47.391689,611.09,3,3.84,1,5,13,25.63,21,Male,South,Desktop,282,1,1,0.1,9.35,47.77,Electronics
1321,247443,2025-01-06 16:05:47.391689,260.44,28,7.19,2,5,2,86.09,34,Female,West,Desktop,73,0,1,0.09,3.33,36.62,Clothing
1322,570587,2025-03-06 16:05:47.391689,401.51,74,4.94,0,0,17,57.34,31,Male,West,Tablet,109,1,0,0.26,49.93,30.11,Electronics
1323,473616,2025-10-11 16:05:47.391689,302.92,35,3.29,3,6,15,81.79,31,Other,West,Desktop,179,1,1,0.87,1.24,3.36,Beauty
1324,757409,2025-05-10 16:05:47.391689,368.56,61,8.57,3,7,18,101.3,30,Male,East,Desktop,31,0,1,0.13,41.76,59.07,Clothing
1325,786976,2025-01-05 16:05:47.391689,724.66,93,1.35,4,1,18,24.52,24,Other,West,Desktop,233,0,0,0.72,18.27,23.63,Electronics
1326,465871,2025-02-01 16:05:47.391689,311.18,54,9.12,0,7,17,7.2,61,Other,North,Mobile,281,1,0,0.1,42.08,9.98,Electronics
1327,475037,2025-03-05 16:05:47.391689,575.08,63,5.15,2,8,19,94.6,32,Male,South,Desktop,24,1,1,0.62,27.73,40.34,Electronics
1328,907364,2025-06-19 16:05:47.391689,486.53,79,6.73,3,5,15,75.12,36,Other,West,Mobile,330,0,1,0.36,45.08,17.77,Electronics
1329,217796,2025-09-06 16:05:47.391689,670.4,97,6.93,0,4,7,85.46,60,Male,West,Desktop,278,1,0,0.79,46.31,35.56,Home
1330,391999,2025-08-30 16:05:47.391689,938.09,7,9.06,3,8,0,101.39,64,Male,East,Tablet,225,1,0,0.23,0.45,35.62,Electronics
1331,292506,2025-09-05 16:05:47.391689,737.92,76,6.73,2,8,16,97.32,61,Other,East,Mobile,56,0,0,0.64,3.77,27.3,Beauty
1332,798376,2025-02-05 16:05:47.391689,230.64,49,6.53,3,0,11,115.51,52,Other,South,Mobile,179,0,1,0.24,12.52,50.33,Beauty
1333,369544,2025-12-07 16:05:47.391689,50.56,94,1.6,4,2,10,66.63,34,Female,North,Desktop,231,0,1,0.71,33.47,16.63,Home
1334,480002,2025-05-30 16:05:47.391689,277.02,85,5.67,4,8,4,61.18,52,Other,South,Desktop,342,0,0,0.87,44.41,27.47,Clothing
1335,798002,2024-12-27 16:05:47.391689,603.18,31,2.35,3,1,11,51.22,36,Female,West,Mobile,286,0,1,0.13,23.0,32.72,Clothing
1336,639439,2025-08-02 16:05:47.391689,70.4,58,7.64,0,3,16,22.67,37,Other,North,Tablet,63,0,0,0.87,30.35,40.15,Beauty
1337,690978,2024-12-20 16:05:47.391689,506.44,61,5.61,0,3,5,70.85,53,Male,North,Tablet,231,1,1,0.59,9.42,47.25,Beauty
1338,628787,2025-03-29 16:05:47.391689,604.91,24,7.12,0,1,0,36.86,52,Other,North,Desktop,288,1,0,0.13,40.25,24.29,Home
1339,630583,2025-11-20 16:05:47.391689,347.56,20,1.38,3,2,4,110.95,49,Male,North,Tablet,212,0,0,0.43,48.37,39.12,Clothing
1340,488215,2025-10-21 16:05:47.391689,775.49,37,1.76,0,2,13,72.07,65,Male,South,Tablet,257,0,1,0.16,13.43,9.89,Clothing
1341,421184,2025-07-01 16:05:47.391689,124.47,4,7.45,2,0,4,73.18,61,Male,East,Desktop,17,1,1,0.7,24.74,56.03,Electronics
1342,898615,2025-05-25 16:05:47.391689,93.64,92,1.65,4,5,0,45.82,57,Female,East,Tablet,174,1,1,0.76,4.31,23.6,Electronics
1343,522515,2025-09-21 16:05:47.391689,733.62,20,1.64,2,7,17,10.98,41,Other,West,Desktop,228,1,1,0.11,27.96,44.04,Electronics
1344,768234,2025-07-21 16:05:47.391689,505.58,60,1.11,0,2,15,8.65,34,Male,East,Mobile,225,0,1,0.51,25.14,2.2,Home
1345,478480,2025-09-19 16:05:47.391689,694.63,24,9.61,2,4,8,53.68,24,Male,East,Desktop,83,0,1,0.81,7.22,13.11,Beauty
1346,132711,2025-09-26 16:05:47.391689,446.13,50,7.64,0,0,18,14.73,60,Female,East,Mobile,290,1,0,0.94,22.1,29.74,Home
1347,891971,2025-12-12 16:05:47.391689,261.47,49,4.18,3,9,4,74.79,67,Other,East,Mobile,245,0,1,0.51,16.71,52.82,Clothing
1348,601157,2025-10-23 16:05:47.391689,822.72,51,3.67,2,6,1,106.31,18,Other,West,Tablet,109,0,0,0.95,26.09,32.11,Beauty
1349,284423,2025-06-23 16:05:47.391689,803.43,96,4.15,3,9,14,106.54,52,Female,South,Tablet,253,0,0,0.54,29.28,55.86,Electronics
1350,616349,2025-05-22 16:05:47.391689,700.8,36,7.97,3,0,6,80.79,49,Female,North,Tablet,87,1,1,0.39,0.42,29.54,Home
1351,803714,2025-03-28 16:05:47.391689,286.7,98,6.95,1,8,3,29.29,53,Other,East,Desktop,71,1,0,0.85,38.05,29.94,Home
1352,757917,2025-02-28 16:05:47.391689,598.43,100,2.67,0,7,0,104.24,30,Female,South,Tablet,29,0,0,0.49,35.65,8.07,Electronics
1353,924792,2025-11-09 16:05:47.391689,373.75,66,2.57,4,6,12,106.9,23,Other,East,Mobile,171,0,1,0.47,18.31,48.36,Home
1354,837378,2024-12-30 16:05:47.391689,109.75,79,1.89,0,9,19,27.62,31,Other,East,Tablet,308,0,1,0.49,2.65,15.57,Electronics
1355,233272,2025-09-09 16:05:47.391689,918.97,34,6.94,4,6,6,89.8,54,Male,North,Tablet,342,0,1,0.85,37.75,54.08,Clothing
1356,867836,2025-10-02 16:05:47.391689,154.08,36,7.88,0,4,14,37.95,65,Male,North,Desktop,176,0,0,0.83,47.76,54.74,Beauty
1357,802335,2025-11-04 16:05:47.391689,951.23,6,3.39,3,4,13,97.3,32,Other,North,Desktop,138,1,1,0.4,12.01,56.66,Clothing
1358,907789,2025-07-12 16:05:47.391689,457.09,39,1.19,2,4,18,119.68,64,Other,East,Mobile,193,0,1,0.33,16.18,31.69,Clothing
1359,743409,2025-04-07 16:05:47.391689,201.43,42,1.74,2,0,19,8.45,21,Other,East,Desktop,185,0,1,0.49,9.19,40.95,Electronics
1360,177505,2025-07-04 16:05:47.391689,551.06,58,9.71,1,7,17,108.2,57,Other,East,Tablet,217,0,1,0.57,28.85,46.93,Home
1361,102869,2025-08-17 16:05:47.391689,875.49,12,3.66,4,0,9,76.6,33,Other,North,Desktop,163,1,0,0.24,7.74,8.73,Clothing
1362,881474,2025-03-29 16:05:47.391689,737.58,3,7.92,4,3,8,116.94,45,Other,West,Mobile,160,1,1,0.79,17.81,36.46,Clothing
1363,554351,2025-02-10 16:05:47.391689,810.43,18,6.62,4,8,7,58.48,33,Female,South,Tablet,12,0,0,0.49,34.85,3.02,Clothing
1364,412252,2025-03-20 16:05:47.391689,665.61,40,4.44,3,8,9,102.45,21,Other,West,Mobile,295,1,1,0.33,28.01,30.36,Home
1365,736584,2025-10-20 16:05:47.391689,698.43,21,2.85,4,4,16,12.18,62,Female,East,Desktop,88,1,0,0.11,19.32,10.14,Home
1366,718467,2025-04-21 16:05:47.391689,852.21,15,2.09,2,3,1,43.56,43,Female,East,Desktop,323,1,0,0.24,21.01,11.79,Electronics
1367,190272,2025-05-05 16:05:47.391689,264.67,97,6.54,3,2,5,12.71,45,Other,West,Mobile,41,1,0,0.95,28.11,22.54,Clothing
1368,138467,2025-04-06 16:05:47.391689,499.64,99,7.97,0,2,4,117.16,49,Other,East,Tablet,209,1,1,0.31,0.29,26.51,Beauty
1369,909760,2025-02-03 16:05:47.391689,236.79,26,6.8,4,4,8,98.95,62,Female,South,Desktop,228,1,0,0.17,3.93,37.77,Home
1370,977844,2025-08-23 16:05:47.391689,987.91,8,5.77,4,9,4,103.04,19,Female,East,Desktop,349,0,1,0.46,44.06,5.39,Electronics
1371,580047,2025-04-02 16:05:47.391689,945.18,100,1.38,0,0,17,112.87,48,Other,South,Tablet,274,1,1,0.31,3.89,30.72,Clothing
1372,759347,2025-02-13 16:05:47.391689,58.64,94,9.72,4,4,19,14.79,20,Other,West,Desktop,278,1,1,0.04,35.34,11.77,Beauty
1373,158871,2025-05-20 16:05:47.391689,711.46,87,8.19,0,5,8,49.34,25,Female,West,Mobile,250,0,1,0.32,46.0,34.86,Home
1374,228391,2025-04-28 16:05:47.391689,926.74,42,3.64,3,6,16,13.17,41,Female,East,Desktop,309,0,1,0.54,13.53,38.61,Beauty
1375,539430,2025-01-06 16:05:47.391689,196.96,44,9.82,2,8,16,29.24,32,Female,South,Desktop,207,0,0,0.55,18.52,33.85,Home
1376,710704,2025-10-08 16:05:47.391689,576.59,14,6.42,0,2,11,31.38,60,Male,East,Tablet,320,0,1,0.36,28.45,44.56,Electronics
1377,956703,2025-09-29 16:05:47.391689,917.18,78,6.24,1,1,6,58.95,48,Female,North,Mobile,139,1,0,0.45,44.09,20.8,Beauty
1378,930496,2025-09-01 16:05:47.391689,53.27,2,7.73,0,2,2,35.88,26,Male,North,Tablet,279,1,0,0.97,47.1,46.14,Clothing
1379,356687,2025-06-04 16:05:47.391689,703.47,37,8.31,4,8,9,16.61,56,Other,North,Desktop,33,1,0,0.38,36.98,26.53,Clothing
1380,825451,2025-04-05 16:05:47.391689,311.4,69,6.91,3,6,1,24.26,62,Other,North,Desktop,308,1,0,0.26,4.33,29.57,Home
1381,207450,2025-05-01 16:05:47.391689,925.91,38,2.15,3,8,2,21.94,19,Female,East,Tablet,17,0,0,0.24,33.46,39.24,Clothing
1382,271890,2025-02-22 16:05:47.391689,971.64,41,4.04,0,1,15,116.9,25,Other,North,Tablet,56,1,0,0.46,20.52,2.08,Beauty
1383,538741,2025-02-10 16:05:47.391689,945.38,62,9.35,2,4,1,92.32,24,Other,South,Tablet,111,1,0,0.76,23.54,39.59,Electronics
1384,381974,2025-09-06 16:05:47.391689,484.73,60,3.02,1,3,9,116.29,61,Other,West,Mobile,4,0,1,0.21,2.46,37.5,Home
1385,500109,2025-01-09 16:05:47.391689,864.8,14,4.35,3,1,5,55.57,68,Other,West,Desktop,181,1,0,0.71,9.55,19.28,Beauty
1386,216381,2025-03-02 16:05:47.391689,847.66,89,4.89,4,8,10,37.01,56,Male,North,Tablet,12,1,1,0.02,39.53,6.06,Home
1387,573125,2025-01-12 16:05:47.391689,332.72,84,4.95,4,8,6,96.8,59,Male,North,Desktop,338,1,0,0.42,22.7,6.37,Electronics
1388,671621,2024-12-31 16:05:47.391689,832.34,2,6.52,2,5,14,42.52,33,Female,North,Mobile,284,1,0,0.78,15.08,55.47,Home
1389,234508,2025-02-08 16:05:47.391689,56.27,70,9.49,3,5,5,39.43,52,Female,East,Mobile,258,0,0,0.34,19.2,41.67,Clothing
1390,829650,2025-04-08 16:05:47.391689,604.34,17,3.17,0,7,19,31.74,47,Female,West,Mobile,89,0,0,0.56,42.72,8.5,Clothing
1391,962645,2025-06-30 16:05:47.391689,245.41,89,2.09,4,5,8,19.91,27,Other,North,Mobile,103,0,1,0.2,37.45,22.05,Home
1392,499111,2025-01-12 16:05:47.391689,138.16,28,2.78,2,0,19,34.49,55,Other,South,Desktop,185,0,1,0.74,13.62,35.96,Electronics
1393,250810,2025-11-13 16:05:47.391689,95.41,66,8.98,3,3,11,45.86,35,Male,North,Mobile,249,0,1,0.05,5.88,50.3,Electronics
1394,392890,2025-04-10 16:05:47.391689,702.36,35,6.81,3,6,18,82.51,67,Male,West,Mobile,254,1,0,0.85,12.6,3.58,Clothing
1395,673665,2025-08-29 16:05:47.391689,353.08,5,3.57,3,1,19,12.19,22,Female,North,Tablet,75,1,0,0.2,46.04,14.96,Electronics
1396,940477,2025-10-23 16:05:47.391689,730.27,65,8.34,3,8,2,29.21,46,Male,West,Mobile,107,0,0,0.87,29.08,53.5,Home
1397,460032,2025-09-23 16:05:47.391689,84.05,40,8.75,3,7,14,98.04,56,Male,North,Tablet,155,0,1,0.35,26.67,1.54,Beauty
1398,469599,2025-08-02 16:05:47.391689,328.98,76,8.62,4,7,1,21.9,51,Male,South,Mobile,81,0,0,0.72,29.82,12.88,Home
1399,760960,2025-03-03 16:05:47.391689,548.7,56,9.27,2,6,1,44.4,60,Male,North,Mobile,76,1,1,0.32,18.3,57.58,Clothing
1400,850020,2025-07-28 16:05:47.391689,794.91,36,3.27,3,3,2,104.44,62,Male,South,Tablet,257,0,1,0.91,40.36,37.19,Clothing
1401,979611,2025-06-12 16:05:47.391689,332.38,45,7.8,1,1,5,22.82,40,Female,South,Mobile,126,1,0,0.13,26.16,16.44,Clothing
1402,271836,2025-01-17 16:05:47.391689,633.37,23,5.14,1,2,14,14.51,22,Female,North,Desktop,281,1,0,0.18,5.84,4.95,Electronics
1403,829903,2025-03-15 16:05:47.391689,888.26,47,8.58,2,5,9,60.72,47,Male,South,Desktop,87,1,1,0.49,6.45,2.66,Home
1404,145714,2025-01-07 16:05:47.391689,623.55,31,7.56,0,4,8,39.78,23,Female,East,Mobile,203,1,1,0.08,26.84,15.44,Beauty
1405,727234,2025-10-05 16:05:47.391689,248.3,11,7.99,0,7,0,69.79,63,Other,North,Desktop,15,0,1,0.2,46.83,53.01,Home
1406,996048,2025-11-09 16:05:47.391689,43.91,10,6.91,0,5,15,97.44,61,Male,North,Tablet,150,1,0,0.94,15.42,25.54,Beauty
1407,730271,2025-03-26 16:05:47.391689,872.7,67,2.6,1,5,5,20.77,21,Other,South,Mobile,253,1,0,0.98,43.48,43.5,Home
1408,566960,2025-10-21 16:05:47.391689,40.84,14,5.91,0,0,8,71.78,46,Female,South,Mobile,187,0,0,0.38,38.2,55.18,Clothing
1409,811851,2025-05-22 16:05:47.391689,877.21,80,9.86,4,3,3,63.13,40,Female,North,Tablet,328,1,0,0.92,12.39,25.07,Beauty
1410,224123,2025-08-09 16:05:47.391689,538.36,74,9.44,3,4,1,21.57,23,Other,East,Tablet,31,1,0,0.54,1.82,12.29,Home
1411,405628,2025-04-22 16:05:47.391689,940.29,93,1.39,1,2,3,76.76,49,Female,South,Tablet,270,1,0,0.27,5.09,31.51,Electronics
1412,182989,2025-10-31 16:05:47.391689,802.81,10,2.48,2,8,0,36.47,59,Male,South,Mobile,4,0,1,0.7,36.42,54.58,Electronics
1413,398356,2025-04-17 16:05:47.391689,997.98,76,2.19,2,0,18,61.1,35,Other,West,Tablet,329,1,1,0.66,9.98,48.46,Home
1414,929957,2025-08-24 16:05:47.391689,363.7,94,7.53,3,5,9,14.46,32,Male,East,Tablet,307,1,1,0.99,18.56,4.88,Clothing
1415,278274,2025-04-08 16:05:47.391689,771.84,1,8.36,1,5,14,57.85,57,Other,East,Desktop,332,0,0,0.27,25.08,41.86,Beauty
1416,787995,2025-07-15 16:05:47.391689,413.89,5,2.92,0,9,18,40.24,49,Female,North,Desktop,168,0,1,0.67,36.27,34.74,Home
1417,425352,2025-06-13 16:05:47.391689,490.28,20,5.55,0,4,15,99.57,26,Other,East,Mobile,180,1,0,0.05,5.66,54.54,Electronics
1418,920260,2025-01-11 16:05:47.391689,634.96,8,8.57,4,4,3,11.55,54,Other,North,Desktop,177,1,0,0.11,20.32,8.23,Beauty
1419,511927,2025-09-09 16:05:47.391689,876.2,43,7.6,4,9,1,53.14,27,Male,West,Desktop,142,0,1,0.0,24.25,32.51,Electronics
1420,889852,2025-12-05 16:05:47.391689,984.4,76,5.88,0,4,12,57.72,37,Female,East,Tablet,361,1,0,1.0,27.04,52.89,Electronics
1421,983184,2024-12-18 16:05:47.391689,772.91,1,6.31,2,5,0,88.38,23,Male,South,Tablet,247,0,1,0.8,40.92,25.19,Home
1422,231373,2025-06-12 16:05:47.391689,429.41,57,5.58,2,7,16,71.04,65,Female,West,Desktop,126,1,1,0.79,8.58,29.44,Electronics
1423,538452,2025-03-07 16:05:47.391689,432.93,64,3.68,4,1,12,81.73,20,Male,North,Desktop,262,0,0,0.51,40.39,5.16,Beauty
1424,215294,2025-06-01 16:05:47.391689,742.83,84,6.09,3,5,3,94.36,59,Other,West,Desktop,39,1,1,0.3,34.64,17.41,Clothing
1425,559451,2024-12-26 16:05:47.391689,254.0,28,7.2,0,0,6,104.15,28,Male,North,Mobile,354,0,1,0.15,27.79,20.15,Home
1426,748307,2025-06-01 16:05:47.391689,128.26,37,8.86,4,3,16,41.1,60,Female,West,Mobile,254,0,1,0.28,34.98,56.76,Beauty
1427,165726,2025-07-11 16:05:47.391689,367.53,47,6.73,4,9,8,66.87,34,Female,North,Mobile,142,0,1,0.38,20.6,17.68,Home
1428,241564,2025-09-11 16:05:47.391689,301.49,76,7.85,0,2,3,101.61,49,Other,East,Desktop,239,0,0,0.76,6.92,28.19,Electronics
1429,477812,2025-07-06 16:05:47.391689,310.38,37,2.44,0,8,18,118.79,21,Female,South,Desktop,227,0,1,0.54,33.29,40.61,Electronics
1430,368246,2025-10-13 16:05:47.391689,248.94,49,5.15,2,2,0,107.29,21,Male,North,Mobile,340,1,1,0.08,26.23,10.57,Beauty
1431,805696,2025-08-13 16:05:47.391689,61.25,44,1.08,3,5,9,47.72,34,Other,West,Mobile,197,1,1,0.02,31.97,29.7,Beauty
1432,218015,2025-10-23 16:05:47.391689,37.52,56,3.22,3,0,3,27.44,58,Female,North,Desktop,64,0,0,0.1,16.9,44.57,Clothing
1433,840674,2025-03-11 16:05:47.391689,987.97,28,7.54,0,5,8,61.28,36,Female,North,Tablet,10,1,1,0.41,45.34,52.14,Beauty
1434,354079,2025-12-08 16:05:47.391689,439.22,79,9.93,1,3,12,90.29,22,Male,North,Mobile,107,1,0,0.93,29.37,37.95,Beauty
1435,650929,2025-09-12 16:05:47.391689,396.64,6,1.89,4,7,13,61.65,49,Male,West,Desktop,25,1,1,0.64,4.27,40.47,Home
1436,789944,2025-06-26 16:05:47.391689,686.05,61,4.61,4,8,9,60.57,39,Other,South,Desktop,150,1,1,0.8,22.49,8.45,Electronics
1437,788105,2025-01-30 16:05:47.391689,233.89,20,8.2,0,3,5,101.4,23,Female,East,Tablet,220,1,1,0.47,37.82,56.8,Beauty
1438,613758,2025-11-21 16:05:47.391689,950.96,78,2.84,1,9,15,46.56,52,Male,South,Desktop,340,1,0,0.36,39.71,8.82,Clothing
1439,465890,2025-01-21 16:05:47.391689,790.62,2,6.0,2,9,5,103.88,39,Other,North,Desktop,236,0,0,0.11,24.73,46.71,Beauty
1440,545101,2025-12-12 16:05:47.391689,107.62,73,7.6,0,5,16,51.78,18,Female,West,Mobile,236,1,0,0.88,44.74,16.62,Electronics
1441,136631,2025-08-02 16:05:47.391689,429.23,37,6.54,0,0,9,42.75,37,Female,South,Mobile,218,1,0,0.78,13.38,56.08,Beauty
1442,866577,2025-04-24 16:05:47.391689,881.54,20,2.69,4,3,17,57.21,39,Other,North,Tablet,150,1,0,0.17,20.53,43.48,Home
1443,172991,2025-12-01 16:05:47.391689,945.84,26,4.2,0,6,17,92.68,65,Other,East,Tablet,122,0,0,0.51,44.93,45.48,Electronics
1444,104014,2025-01-01 16:05:47.391689,478.05,29,8.05,0,0,2,19.49,28,Male,East,Desktop,143,1,1,0.49,44.81,13.92,Beauty
1445,373237,2025-10-28 16:05:47.391689,621.14,1,5.99,0,7,19,27.59,30,Female,East,Mobile,188,1,0,0.63,34.29,27.14,Home
1446,118070,2025-11-09 16:05:47.391689,183.69,35,1.05,4,9,14,114.42,59,Female,North,Tablet,254,1,1,0.95,42.95,37.45,Electronics
1447,922209,2025-09-26 16:05:47.391689,991.35,70,7.85,2,5,14,25.18,20,Female,West,Tablet,67,0,0,0.58,4.44,46.43,Beauty
1448,156958,2025-05-09 16:05:47.391689,247.04,59,1.32,2,4,3,70.29,26,Other,South,Tablet,103,1,0,0.54,43.25,7.13,Home
1449,182074,2025-02-15 16:05:47.391689,943.88,69,7.71,0,9,8,71.62,29,Male,East,Desktop,335,0,0,0.05,16.03,57.78,Clothing
1450,635017,2025-10-01 16:05:47.391689,656.65,33,2.82,4,8,18,61.31,40,Female,North,Mobile,158,1,1,0.06,8.92,53.52,Home
1451,855073,2025-03-06 16:05:47.391689,615.58,51,9.62,2,1,16,79.15,31,Other,North,Tablet,308,0,0,0.19,11.97,16.95,Clothing
1452,276089,2025-04-08 16:05:47.391689,522.43,78,4.31,2,4,10,31.43,50,Female,South,Mobile,361,0,0,0.03,20.9,49.54,Beauty
1453,297392,2025-10-27 16:05:47.391689,246.06,12,3.94,2,5,8,68.56,35,Male,East,Tablet,299,0,1,0.74,12.56,31.58,Home
1454,258823,2025-08-14 16:05:47.391689,193.0,20,2.34,4,6,9,47.8,66,Female,North,Tablet,89,1,1,0.72,16.03,28.25,Clothing
1455,730152,2025-05-13 16:05:47.391689,236.08,53,3.75,4,4,17,81.09,58,Male,South,Mobile,356,0,1,0.14,6.75,19.55,Electronics
1456,493002,2025-04-18 16:05:47.391689,202.71,88,8.89,0,8,19,21.24,26,Male,West,Mobile,255,0,1,0.84,14.81,35.28,Home
1457,833429,2025-10-18 16:05:47.391689,783.99,43,9.97,3,0,12,70.65,40,Female,West,Mobile,352,0,0,0.15,28.61,44.06,Beauty
1458,598863,2024-12-28 16:05:47.391689,363.12,98,4.31,2,6,7,26.31,27,Female,West,Desktop,219,0,1,0.3,22.09,25.25,Electronics
1459,467654,2025-08-28 16:05:47.391689,76.69,89,5.04,3,9,6,37.04,36,Male,East,Tablet,8,1,0,0.25,17.34,38.12,Clothing
1460,679036,2025-01-28 16:05:47.391689,969.72,50,7.5,4,6,16,30.15,64,Other,South,Desktop,11,1,0,0.37,37.32,42.26,Home
1461,630089,2025-10-26 16:05:47.391689,886.11,29,8.98,4,3,14,26.03,22,Male,South,Mobile,324,1,1,0.25,44.68,42.96,Home
1462,250262,2025-10-13 16:05:47.391689,929.2,57,6.34,4,8,19,99.96,64,Female,North,Tablet,243,1,0,0.49,37.84,4.07,Beauty
1463,542905,2025-01-10 16:05:47.391689,995.01,39,4.52,3,4,14,37.86,69,Female,North,Desktop,181,0,1,0.41,16.6,51.73,Electronics
1464,335362,2025-11-17 16:05:47.391689,190.42,95,4.71,4,3,0,111.62,40,Other,North,Tablet,283,1,0,0.99,37.22,28.04,Home
1465,544209,2025-02-24 16:05:47.391689,408.32,56,7.26,0,6,13,116.54,47,Male,South,Desktop,311,0,1,0.06,7.6,16.48,Home
1466,653880,2025-03-31 16:05:47.391689,763.07,43,1.03,4,3,4,70.69,42,Male,North,Mobile,98,1,1,0.14,6.52,15.26,Electronics
1467,897079,2025-12-05 16:05:47.391689,702.1,50,6.58,1,2,10,21.45,45,Male,South,Desktop,196,1,1,0.05,17.28,29.5,Home
1468,764076,2025-08-22 16:05:47.391689,170.82,23,4.2,3,8,15,48.07,51,Female,South,Tablet,225,1,1,0.63,40.39,53.32,Electronics
1469,319963,2024-12-23 16:05:47.391689,819.52,44,8.15,1,7,1,96.74,62,Male,West,Tablet,332,0,1,0.05,12.32,23.32,Electronics
1470,580761,2025-04-04 16:05:47.391689,239.95,38,1.84,4,0,7,47.25,65,Other,North,Tablet,102,1,1,0.84,3.16,45.23,Electronics
1471,348710,2025-06-16 16:05:47.391689,239.34,84,6.29,0,6,10,15.01,64,Female,West,Tablet,105,1,0,0.51,6.59,6.71,Beauty
1472,320984,2025-05-20 16:05:47.391689,546.23,23,5.33,2,8,17,69.03,42,Female,East,Mobile,364,1,0,0.53,42.94,29.09,Electronics
1473,997059,2025-02-13 16:05:47.391689,601.08,45,6.78,4,7,2,102.19,27,Male,East,Desktop,57,0,0,0.56,31.69,59.51,Electronics
1474,956748,2025-08-08 16:05:47.391689,588.48,52,1.58,0,7,0,96.53,31,Other,East,Mobile,77,1,1,0.17,12.66,46.46,Clothing
1475,882355,2025-10-18 16:05:47.391689,109.66,80,6.22,3,5,10,25.14,59,Female,South,Mobile,74,1,0,0.2,27.76,13.42,Clothing
1476,364512,2025-05-13 16:05:47.391689,879.91,50,6.05,1,3,15,82.37,63,Female,South,Mobile,41,0,1,0.32,26.38,30.59,Beauty
1477,701863,2025-11-29 16:05:47.391689,280.29,8,6.05,1,7,17,30.36,47,Male,South,Tablet,323,0,0,0.59,32.77,14.78,Electronics
1478,368799,2025-11-15 16:05:47.391689,146.92,85,6.43,1,2,15,30.09,58,Male,North,Tablet,180,1,0,0.21,11.66,25.16,Clothing
1479,337549,2025-09-26 16:05:47.391689,890.97,1,7.09,3,8,9,105.52,42,Other,West,Tablet,32,1,1,0.12,43.22,47.02,Clothing
1480,694319,2025-05-11 16:05:47.391689,956.54,8,8.24,0,1,17,33.71,31,Male,South,Desktop,70,1,0,0.97,15.47,46.5,Home
1481,584299,2025-07-12 16:05:47.391689,864.89,29,3.43,3,1,5,35.27,52,Other,West,Tablet,55,0,0,0.02,34.71,14.46,Electronics
1482,712210,2025-11-29 16:05:47.391689,813.33,96,8.43,1,6,18,5.08,69,Female,West,Desktop,104,0,0,0.8,0.81,55.41,Clothing
1483,548982,2025-06-09 16:05:47.391689,662.14,5,5.48,4,9,3,105.13,65,Other,West,Tablet,199,0,1,0.79,18.63,35.96,Beauty
1484,224046,2025-02-04 16:05:47.391689,559.84,86,1.69,2,3,12,96.15,51,Other,North,Tablet,100,1,0,0.3,17.59,23.42,Home
1485,506619,2025-12-06 16:05:47.391689,105.25,47,1.53,3,9,13,77.14,27,Other,North,Mobile,255,0,1,0.14,27.17,30.61,Home
1486,132097,2025-12-10 16:05:47.391689,420.28,34,4.01,3,7,2,91.28,52,Female,East,Mobile,306,1,0,0.15,3.64,36.7,Electronics
1487,766326,2025-08-24 16:05:47.391689,385.23,65,8.06,0,8,9,22.49,28,Male,East,Mobile,73,0,0,0.7,39.51,34.03,Electronics
1488,749150,2025-04-19 16:05:47.391689,274.56,55,7.37,0,6,5,57.71,28,Female,West,Desktop,170,0,0,0.64,10.89,29.7,Home
1489,330229,2024-12-15 16:05:47.391689,728.95,90,8.1,3,4,0,45.39,38,Male,East,Desktop,142,0,0,0.78,33.85,30.79,Beauty
1490,218834,2025-04-18 16:05:47.391689,505.96,43,5.66,1,7,13,15.78,38,Other,West,Tablet,165,1,1,0.94,40.16,11.41,Electronics
1491,193848,2025-03-14 16:05:47.391689,99.43,74,4.96,2,3,7,60.91,39,Other,North,Desktop,260,1,0,0.69,28.09,48.95,Electronics
1492,152921,2025-02-22 16:05:47.391689,235.78,30,2.33,0,1,18,110.89,62,Other,North,Tablet,220,1,1,0.16,37.04,32.96,Home
1493,805086,2025-04-30 16:05:47.391689,689.59,82,3.95,1,5,13,9.61,24,Other,North,Desktop,82,1,1,0.24,33.09,8.73,Home
1494,750429,2025-11-28 16:05:47.391689,94.61,17,4.91,4,8,9,38.52,34,Other,South,Desktop,181,0,0,0.84,17.78,46.2,Electronics
1495,805660,2025-06-04 16:05:47.391689,854.18,26,1.8,0,0,16,28.87,19,Male,West,Desktop,306,1,0,0.21,40.44,56.01,Clothing
1496,384821,2025-08-16 16:05:47.391689,505.24,8,2.99,1,9,8,32.39,29,Male,North,Mobile,9,0,1,0.07,14.74,56.89,Electronics
1497,155609,2025-11-15 16:05:47.391689,490.97,47,6.38,1,6,5,109.47,59,Other,West,Desktop,3,1,1,0.7,28.56,22.77,Clothing
1498,327897,2025-05-25 16:05:47.391689,600.56,76,7.62,2,9,10,58.83,35,Female,East,Mobile,350,1,0,0.4,37.27,9.0,Home
1499,131024,2025-11-04 16:05:47.391689,828.19,91,9.99,2,8,6,58.62,28,Female,East,Mobile,335,0,0,0.92,18.95,31.59,Clothing
